Fecha y Hora,Tipo de Cambio,Elemento Modificado,Archivos Afectados,Descripción Breve,Motivo
2026-10-01 17:37,Feature,"Modelo, Vista, Controller","ProductController.php, home.blade.php, web.php",Se construyó la estructura base del ecommerce (Listado de productos),Requerimiento del usuario para iniciar funcionalidad de tienda
2026-10-01 17:41,Feature,"Vista, Controller, Rutas","BillingController.php, billing/create.blade.php, web.php, home.blade.php",Se creó el frontend base para generar facturación electrónica con Factus,Solicitud explícita del usuario
2026-10-01 17:42,Config,Archivo de configuración,.gitignore,Se añadieron las exclusiones de Git para archivos de agentes y logs,Solicitud explícita del usuario
2026-10-01 17:53,Feature,Vista,home.blade.php,Se reescribió la vista Home como un sistema Punto de Venta (POS) con carrito en Alpine.js que captura datos de Factus,Requerimiento del usuario para enfocar app a empleado
2026-10-01 17:55,Mock,Controller,ProductController.php,Se insertaron productos quemados para poder simular y probar la venta y facturación,Solicitud explícita del usuario
2026-10-01 18:05,Feature,"Controller, Rutas, Vista","BillingController.php, web.php, home.blade.php",Se implementó el envío del carrito a la API de Factus (generación de token OAuth y endpoint de creación/validación de factura),Solicitud del usuario para MVP funcional
2026-10-01 18:27,Feature,"Controller, Vista","ProductController.php, home.blade.php",Se agregó control de Stock visual y lógico (AlpineJS) impidiendo vender más de lo disponible o agregar productos agotados,Solicitud explícita del usuario
2026-10-01 18:33,Feature,"Base de datos, Controlador, Rutas, Vista","Product.php, ProductController.php, web.php, inventory/index.blade.php","Se migró el inventario de datos ""quemados"" a una base de datos real (SQLite) permitiendo crear, editar y eliminar productos con stock real",Requerimiento de panel administrable funcional
2026-10-01 18:48,Bugfix,Rutas,web.php,Se corrigió un error de sintaxis en el cierre de la ruta /login y se reubicó la importación del controlador en la parte superior del archivo,La aplicación arrojaba error 500 (ParseError)
2026-10-01 18:49,Feature,Vista,"home.blade.php, inventory/index.blade.php",Se implementó un reloj digital en tiempo real en la barra de navegación superior utilizando AlpineJS,Solicitud explícita del usuario
2026-10-01 20:53,Feature,Controlador/Vista,"app/Models/User.php, composer.json, app/Filament/*",Se instaló Spatie Roles & Permissions y FilamentPHP para crear un panel de administración para empleados y roles,Solicitud del usuario para manejar accesos
2026-10-01 20:58,Feature,Rutas/Vista,"routes/web.php, resources/views/login.blade.php",Se implementó autenticación real (Auth::attempt) y protección de rutas con middleware auth en el frontend de ventas,Requerimiento del usuario para asegurar el sistema
2026-10-01 21:01,Feature,Vista,"resources/views/home.blade.php",Se actualizó la barra superior para mostrar el nombre del usuario autenticado, botón de cerrar sesión y un enlace al panel de administrador exclusivo para Super Admins,Solicitud del usuario para adaptar la UI a la nueva autenticación
